{"cameraMode":{"drawMode":0,"name":"Shaded","section":"Shading Mode"},"sceneLighting":false,"audioPlay":false,"sceneViewState":{"showFog":false,"showMaterialUpdate":false,"showSkybox":false,"showFlares":false,"showImageEffects":false,"showParticleSystems":false},"in2DMode":false,"pivot":{"x":-8.508100509643555,"y":-2.918367624282837,"z":11.098735809326172},"rotation":{"x":-0.14738324284553529,"y":-0.10748662799596787,"z":0.016115132719278337,"w":-0.9830924868583679},"size":2.8578836917877199,"orthographic":false}