{"cameraMode":{"drawMode":0,"name":"Shaded","section":"Shading Mode"},"sceneLighting":true,"audioPlay":false,"sceneViewState":{"showFog":false,"showMaterialUpdate":false,"showSkybox":false,"showFlares":false,"showImageEffects":false,"showParticleSystems":false},"in2DMode":false,"pivot":{"x":26.4180908203125,"y":0.24325084686279298,"z":73.65441131591797},"rotation":{"x":0.10196250677108765,"y":-0.7932102084159851,"z":0.13844893872737885,"w":0.5841885805130005},"size":46.494300842285159,"orthographic":false}