{"cameraMode":{"drawMode":0,"name":"Shaded","section":"Shading Mode"},"sceneLighting":false,"audioPlay":false,"sceneViewState":{"showFog":false,"showMaterialUpdate":false,"showSkybox":false,"showFlares":false,"showImageEffects":false,"showParticleSystems":false},"in2DMode":false,"pivot":{"x":37.186607360839847,"y":-1.0524601936340333,"z":0.6616687774658203},"rotation":{"x":0.1925646960735321,"y":-0.016190223395824434,"z":0.003178215119987726,"w":0.9811546802520752},"size":18.65402603149414,"orthographic":false}