{"cameraMode":{"drawMode":0,"name":"Shaded","section":"Shading Mode"},"sceneLighting":false,"audioPlay":false,"sceneViewState":{"showFog":false,"showMaterialUpdate":false,"showSkybox":false,"showFlares":false,"showImageEffects":false,"showParticleSystems":false},"in2DMode":false,"pivot":{"x":38.40499496459961,"y":0.9791883826255798,"z":1.012900948524475},"rotation":{"x":-0.014699440449476242,"y":-0.0044992477633059029,"z":-0.00006693717296002433,"w":0.9998903870582581},"size":25.442052841186525,"orthographic":false}