{"cameraMode":{"drawMode":0,"name":"Shaded","section":"Shading Mode"},"sceneLighting":false,"audioPlay":false,"sceneViewState":{"showFog":false,"showMaterialUpdate":false,"showSkybox":false,"showFlares":false,"showImageEffects":false,"showParticleSystems":false},"in2DMode":false,"pivot":{"x":39.09126281738281,"y":-1.4219425916671754,"z":-5.855844020843506},"rotation":{"x":-0.05516188219189644,"y":-0.019469004124403,"z":-0.0010763970203697682,"w":0.9982948899269104},"size":21.11543083190918,"orthographic":false}